Time (min),Intensity
0.0,0.04967141530112327
0.01000667111407605,-0.013326096561414664
0.0200133422281521,0.06576952092147685
0.030020013342228154,0.15380398630791395
0.0400266844563042,-0.021414003249518386
0.05003335557038025,-0.020912027916399043
0.06004002668445631,0.16092328288496197
0.07004669779853236,0.08024580780521749
0.0800533689126084,-0.04294477014786479
0.09006004002668445,0.05875900635993069
0.1000667111407605,-0.0413384337242082
0.11007338225483655,-0.041069306244283864
0.12008005336891261,0.03020022982504904
0.13008672448298866,-0.18482368824163037
0.1400933955970647,-0.16548711347145006
0.15010006671114076,-0.048723749588540234
0.1601067378252168,-0.09327777514218154
0.17011340893929286,0.039930403706492035
0.1801200800533689,-0.08179640354945265
0.19012675116744496,-0.1317240325751569
0.200133422281521,0.15657154800623146
0.21014009339559706,-0.012070625378873715
0.2201467645096731,0.01776015869427604
0.23015343562374915,-0.1309671468401582
0.24016010673782523,-0.04243026711562701
0.2501667778519013,0.023600597863581672
0.2601734489659773,-0.10209068529393142
0.2701801200800534,0.05107880783856987
0.2801867911941294,-0.04605452943217403
0.2901934623082055,-0.014659701863917405
0.3002001334222815,-0.04516065455182562
0.31020680453635757,0.20073815867771166
0.3202134756504336,0.01466095130872829
0.33022014676450967,-0.08926008555736456
0.3402268178785857,0.0992658321042482
0.35023348899266177,-0.10457269054746915
0.3602401601067378,0.03889836750581244
0.37024683122081387,-0.17745467082693686
0.3802535023348899,-0.11380592977309857
0.39026017344896596,0.039199132259360656
0.400266844563042,0.09386000022769314
0.41027351567711806,0.03765050390285296
0.4202801867911941,0.009449181100735653
0.43028685790527016,-0.008596026663665372
0.4402935290193462,-0.12583752258577544
0.45030020013342226,-0.04946941083279975
0.4603068712474983,-0.023048533533603838
0.47031354236157435,0.1292278997399703
0.48032021347565046,0.05837783963062866
0.4903268845897265,-0.15178767130678705
0.5003335557038026,0.05742507472466963
0.5103402268178786,-0.012991216700737725
0.5203468979319547,-0.04167485513399814
0.5303535690460307,0.08768530733638832
0.5403602401601068,0.13011796425760044
0.5503669112741828,0.12064635747532901
0.5603735823882589,-0.055903073202850914
0.5703802535023349,-0.002402224910004712
0.580386924616411,0.06214568937117694
0.590393595730487,0.12707419249876029
0.600400266844563,-0.017897410442300844
0.6104069379586391,0.011954449231550243
0.6204136090727151,-0.07961281694696706
0.6304202801867912,-0.08809964839872753
0.6404269513008672,0.11327392980446317
0.6504336224149433,0.16814568397782945
0.6604402935290193,0.025821002518417582
0.6704469646430954,0.13387563802135719
0.6804536357571714,0.070186284292622
0.6904603068712475,-0.029988960116950056
0.7004669779853235,0.07116290945010757
0.7104736490993996,0.1893273391015669
0.7204803202134756,0.03244141209967863
0.7304869913275517,0.19298871514777824
0.7404936624416277,-0.22494982728689306
0.7505003335557038,0.11971526711530758
0.7605070046697798,0.04673005705730612
0.7705136757838559,0.008624948742606053
0.7805203468979319,0.04820209499844683
0.790527018012008,-0.15923054055948888
0.800533689126084,0.018059495672553008
0.8105403602401601,0.07623827516318266
0.8205470313542361,0.18881675604186343
0.8305537024683122,-0.010299336703949127
0.8405603735823882,-0.03882134161019936
0.8505670446964643,-0.007647352123630442
0.8605737158105403,0.13456889756073442
0.8705803869246164,0.07640413031219928
0.8805870580386924,-0.008946667474769257
0.8905937291527685,0.09585642976897404
0.9006004002668445,0.054737774948146266
0.9106070713809206,0.14239485262233495
0.9206137424949966,-0.024174622262985404
0.9306204136090727,0.013764806020676812
0.9406270847231487,0.00782053892294167
0.9506337558372248,-0.09881980702135063
0.9606404269513009,0.07764404905402265
0.970647098065377,0.07463788212125778
0.980653769179453,0.04954403412321875
0.9906604402935291,0.026074308677161765
1.0006671114076051,-0.09150371863466118
1.0106737825216812,0.008469156849548153
1.0206804536357572,0.016762571029110912
1.0306871247498333,-0.028693370684670233
1.0406937958639093,0.035906118626594555
1.0507004669779854,0.09294010903035312
1.0607071380920614,0.2416539470256561
1.0707138092061375,0.07099347174349077
1.0807204803202135,0.07979106308828712
1.0907271514342896,0.04709176599509776
1.1007338225483656,-0.1368404304024859
1.1107404936624417,0.052885637138200395
1.1207471647765177,0.06206037923292853
1.1307538358905938,0.3028619030430583
1.1407605070046698,0.03780192887212124
1.1507671781187458,0.08769309313929854
1.160773849232822,0.05456751549111676
1.170780520346898,-0.05832877774460832
1.180787191460974,0.17332164102455078
1.19079386257505,0.13473299639742992
1.200800533689126,0.139143221388761
1.2108072048032021,-0.030398385239313763
1.2208138759172782,0.20132012488947387
1.2308205470313542,-0.07864407892766032
1.2408272181454303,0.12072707028729862
1.2508338892595063,0.2815872570439733
1.2608405603735824,-0.03601160449438952
1.2708472314876584,0.00691258861410602
1.2808539026017345,0.07400783163885132
1.2908605737158105,0.014195463274171295
1.3008672448298866,-0.09002298086511787
1.3108739159439626,0.0723999932778025
1.3208805870580387,-0.040186342019706084
1.3308872581721147,0.11390360597212766
1.3408939292861908,-0.024897726959065086
1.3509006004002668,0.22253847052177592
1.3609072715143429,-0.010279965657893561
1.370913942628419,0.036339545510872956
1.380920613742495,0.15039775242412112
1.390927284856571,-0.05354006740052297
1.400933955970647,0.09279269125901102
1.4109406270847231,0.20126130678257692
1.4209472981987992,-0.08970095854603725
1.4309539693128752,0.09001108431909
1.4409606404269513,0.09803631144650907
1.4509673115410273,0.1507306527552532
1.4609739826551034,-0.05064637195436025
1.4709806537691794,-0.0584966286189518
1.4809873248832555,0.12624352280734136
1.4909939959973315,0.1042481671253595
1.5010006671114076,0.10009931839332563
1.5110073382254836,0.1101951878655748
1.5210140093395597,0.008048228315801195
1.5310206804536357,0.09977640374842972
1.5410273515677118,0.1063586149221684
1.5510340226817878,0.006116559351471554
1.5610406937958639,0.26462948583299795
1.57104736490994,0.12593566037780168
1.581054036024016,-0.0400776478603392
1.591060707138092,0.14520839630393284
1.601067378252168,-0.017414797991280775
1.611074049366244,0.159262163010987
1.6210807204803201,0.19691359416286558
1.6310873915943962,-0.0005138619196775329
1.6410940627084722,0.17839231653216897
1.6511007338225483,0.12383313004749133
1.6611074049366243,0.16526138717382566
1.6711140760507004,0.27323500336289164
1.6811207471647764,0.05951722756134985
1.6911274182788525,0.009182756983374216
1.7011340893929285,-0.0038947350215489257
1.7111407605070046,0.003976014326940003
1.7211474316210806,0.07834720725507562
1.7311541027351567,0.12067291171665198
1.7411607738492327,0.11472713110701017
1.7511674449633088,0.17027671423195878
1.7611741160773848,0.0893589183063612
1.7711807871914609,0.23391247882063154
1.781187458305537,0.06259373270788844
1.791194129419613,0.36157668154410333
1.801200800533689,0.15262685374489582
1.811207471647765,0.004844724356958416
1.8212141427618411,-0.016028399573907975
1.8312208138759172,0.1398084741506485
1.8412274849899932,0.06971535251291067
1.8512341561040693,0.16396209993541028
1.8612408272181453,0.14038626007153515
1.8712474983322214,0.08628008952739603
1.8812541694462974,0.00938413922083041
1.8912608405603735,-0.056920620018586485
1.9012675116744495,0.050413278016823576
1.9112741827885256,0.1812054260602065
1.9212808539026018,0.11747582682925958
1.9312875250166779,-0.028006349362296665
1.941294196130754,0.11438691568386128
1.95130086724483,0.13610213523413514
1.961307538358906,0.009686584558936659
1.971314209472982,0.1139472237073677
1.9813208805870581,0.10489854611992731
1.9913275517011342,-0.014715664988751612
2.0013342228152102,0.13586471201782493
2.0113408939292863,0.156670198812283
2.0213475650433623,0.20940409574465044
2.0313542361574384,0.20698822363335012
2.0413609072715144,-0.035647596749519325
2.0513675783855905,0.008850989936964967
2.0613742494996665,0.15465469147790015
2.0713809206137426,0.15505178579687434
2.0813875917278186,0.15570536345492286
2.0913942628418947,0.4900077711818134
2.1014009339559707,0.16236583424978823
2.1114076050700468,0.21938546940476353
2.121414276184123,0.20179336900579986
2.131420947298199,0.17211142015261777
2.141427618412275,0.07604246477975185
2.151434289526351,0.1840851939154634
2.161440960640427,0.03155094473429537
2.171447631754503,0.08582848403681681
2.181454302868579,0.06168891391483401
2.191460973982655,0.11917316047219265
2.201467645096731,0.34326646926651805
2.2114743162108073,-0.07404629088534856
2.2214809873248833,0.1822627264718826
2.2314876584389594,-0.04658742118633921
2.2414943295530354,0.0686458134079955
2.2515010006671115,0.22601525091706337
2.2615076717811875,0.12497764330447018
2.2715143428952635,0.012378058943944767
2.2815210140093396,0.050427371170782914
2.2915276851234156,0.19195799944155367
2.3015343562374917,0.0532748422087867
2.3115410273515677,0.15058599765147063
2.321547698465644,0.13648939792174203
2.33155436957972,0.07018184397491556
2.341561040693796,0.35362428633028425
2.351567711807872,0.20705600126494123
2.361574382921948,-0.053794130360547865
2.371581054036024,0.17312722167035452
2.3815877251501,0.09486303240448568
2.391594396264176,0.2537449928812504
2.401601067378252,0.09772125538131787
2.4116077384923282,0.1751047814100557
2.4216144096064043,0.2479478906623102
2.4316210807204803,0.29630400251251404
2.4416277518345564,0.10354056209260128
2.4516344229486324,0.2056889112759866
2.4616410940627085,0.20911593788703145
2.4716477651767845,0.21083756602753248
2.4816544362908606,0.47456053379347335
2.4916611074049366,0.36284788032960685
2.5016677785190127,0.22329975157684062
2.5116744496330887,0.47113783810063925
2.5216811207471648,0.6246830301413175
2.531687791861241,0.5522135475047465
2.541694462975317,0.33714751432981416
2.551701134089393,0.48463079331984477
2.561707805203469,0.7077993667126736
2.571714476317545,0.5627070026698631
2.581721147431621,0.7347526702508261
2.591727818545697,0.8294703617540139
2.601734489659773,0.725883462928905
2.611741160773849,0.8843026118598434
2.6217478318879253,0.6430700092022884
2.6317545030020013,0.9470906469688825
2.6417611741160774,1.1120947552277813
2.6517678452301534,1.1059496927089734
2.6617745163442295,1.4929271495437928
2.6717811874583055,1.291197493233997
2.6817878585723816,1.500241633778462
2.6917945296864576,1.6727565882197273
2.7018012008005337,1.9244904489815404
2.7118078719146097,1.7624902557356303
2.7218145430286858,2.152872032968676
2.731821214142762,2.1725000615079315
2.741827885256838,2.2123071468609288
2.751834556370914,2.4992700587007843
2.76184122748499,2.6186907436988762
2.771847898599066,2.687058451943855
2.781854569713142,2.9043191646330917
2.791861240827218,3.010372238813879
2.801867911941294,3.2124212497918236
2.81187458305537,3.419302960738812
2.8218812541694462,3.6627827949318275
2.8318879252835223,3.529747403830957
2.8418945963975983,4.013598821500091
2.8519012675116744,3.748417795246072
2.8619079386257504,4.067481428974514
2.8719146097398265,4.275365313072482
2.8819212808539025,4.37249383188983
2.8919279519679786,4.403138317309823
2.9019346230820546,4.557954515129494
2.9119412941961307,4.634398306951348
2.9219479653102067,4.720539938365438
2.931954636424283,4.9503873805409855
2.941961307538359,4.976639754182716
2.951967978652435,4.936174542958516
2.961974649766511,5.148500050040769
2.971981320880587,5.130503575198891
2.981987991994663,5.210149644718019
2.991994663108739,5.208558882521882
3.002001334222815,5.066950238218561
3.012008005336891,5.085578400995233
3.022014676450967,5.195631286309017
3.0320213475650433,5.148961620242985
3.0420280186791193,5.040823926920001
3.0520346897931954,4.99794060671312
3.0620413609072714,5.045993614486922
3.0720480320213475,4.7803144589376
3.0820547031354235,4.805223252762444
3.0920613742494996,4.631771447125453
3.1020680453635756,4.522830951687022
3.1120747164776517,4.538962074465397
3.1220813875917277,4.388775448742007
3.1320880587058038,4.258217958073574
3.14209472981988,4.172374949016407
3.152101400933956,3.904072016278463
3.162108072048032,3.826359126264481
3.172114743162108,3.5802370030410238
3.182121414276184,3.4945364028746893
3.19212808539026,3.2985471059042757
3.202134756504336,3.1700909771101706
3.212141427618412,3.0688949784694395
3.222148098732488,2.777433548617079
3.2321547698465642,2.9199454265565667
3.2421614409606403,2.463768514915178
3.2521681120747163,2.299413068858108
3.2621747831887924,2.3964337028265326
3.2721814543028684,2.223382833742589
3.2821881254169445,2.074442318618051
3.2921947965310205,1.9472570490366565
3.3022014676450966,1.760469360117546
3.3122081387591726,1.554364017050372
3.3222148098732487,1.539378902966807
3.3322214809873247,1.3572419685403407
3.342228152101401,1.4211677435307264
3.352234823215477,1.2132260342961962
3.362241494329553,1.0552334520364615
3.372248165443629,1.0210286377081967
3.382254836557705,1.0152983569839908
3.392261507671781,0.8438139150011204
3.402268178785857,0.7493497703217658
3.412274849899933,0.7923671628633806
3.422281521014009,0.7337794731258841
3.4322881921280852,0.6045305183599926
3.4422948632421613,0.5585074747706014
3.4523015343562373,0.5834242707568527
3.4623082054703134,0.37401073871674817
3.4723148765843894,0.3404312788719217
3.4823215476984655,0.3752158199268542
3.4923282188125415,0.3948889194110849
3.5023348899266176,0.4195585488872032
3.5123415610406936,0.5110733408269021
3.5223482321547697,0.42699095137457627
3.5323549032688457,0.30532516116981784
3.5423615743829218,0.30171644732307257
3.552368245496998,0.18767714420916184
3.562374916611074,0.27222190682439773
3.57238158772515,0.2330104200920724
3.582388258839226,0.28345076712818446
3.592394929953302,0.1591085508180925
3.602401601067378,0.2856305103538105
3.612408272181454,0.37991745549370637
3.62241494329553,0.20968110957488814
3.632421614409606,0.2555000595768008
3.6424282855236823,0.2798751534480776
3.6524349566377583,0.166941653454745
3.6624416277518343,0.22626651038871243
3.6724482988659104,0.20242823851664007
3.6824549699799864,0.2087015541246283
3.6924616410940625,0.11979308106728652
3.7024683122081385,0.19804870091072704
3.7124749833222146,0.2441988318814166
3.7224816544362906,0.3385718961068879
3.7324883255503667,0.28866472019302314
3.7424949966644427,0.40752628177577904
3.752501667778519,0.11510663015734159
3.762508338892595,0.2788459257116623
3.772515010006671,0.20983897172017396
3.782521681120747,0.41047649817615384
3.792528352234823,0.11074288556013956
3.802535023348899,0.10774883128003782
3.812541694462975,0.1319904603760091
3.822548365577051,-0.020200455083280694
3.832555036691127,0.13991540947894504
3.8425617078052037,0.11691481240440049
3.8525683789192797,0.20823404888714928
3.8625750500333558,0.22776126719521422
3.872581721147432,0.3816139418092147
3.882588392261508,0.2894670822608214
3.892595063375584,0.13717587008396204
3.90260173448966,0.10547753981381484
3.912608405603736,0.24497288395930555
3.922615076717812,0.0642271005332431
3.932621747831888,0.37987184814980507
3.942628418945964,0.31515047849478095
3.95263509006004,0.15077339561207437
3.9626417611741163,0.02686522855268128
3.9726484322881923,0.33405623481231406
3.9826551034022684,0.18770741081598402
3.9926617745163444,0.3234370901516198
4.0026684456304205,0.04070808562581435
4.0126751167444965,0.1407097991492724
4.0226817878585726,0.20166896039088877
4.032688458972649,0.20634060273233512
4.042695130086725,0.15713447313926077
4.052701801200801,0.2649249028658974
4.062708472314877,0.09637707975051607
4.072715143428953,0.18940064064965806
4.082721814543029,0.21616781661874263
4.092728485657105,0.25608195518080723
4.102735156771181,0.2762994975170878
4.112741827885257,0.09317383108261316
4.122748498999333,0.052726725289162946
4.132755170113409,0.33440598175288544
4.142761841227485,0.24036990029301078
4.152768512341561,0.13279007740443172
4.162775183455637,0.3632541853601058
4.172781854569713,0.2202067268714519
4.182788525683789,0.32706927183771783
4.192795196797865,0.21639170244303108
4.202801867911941,0.4162149558875996
4.2128085390260175,0.3861745629441937
4.2228152101400935,0.18624438381730105
4.23282188125417,0.3087982172247751
4.242828552368246,0.27667904316925584
4.252835223482322,0.3495049319980521
4.262841894596398,0.1166497596738759
4.272848565710474,0.2822475822971268
4.28285523682455,0.31998521634580224
4.292861907938626,0.038769150971328326
4.302868579052702,0.09681758073371147
4.312875250166778,0.01172054692953356
4.322881921280854,0.18920341419970022
4.33288859239493,0.28839865633283546
4.342895263509006,0.3673804691961301
4.352901934623082,0.22505457535205117
4.362908605737158,0.3810069852561674
4.372915276851234,0.08063561831380373
4.38292194796531,0.04880785367012844
4.392928619079386,0.2140916612108524
4.402935290193462,0.2585533095069017
4.4129419613075385,0.21737762332859897
4.4229486324216145,0.014403221668034372
4.432955303535691,0.21273576126114496
4.442961974649767,0.0917011487068744
4.452968645763843,0.2896156871885095
4.462975316877919,0.2598085904656029
4.472981987991995,0.1296611207751913
4.482988659106071,0.17276274122738744
4.492995330220147,0.11872841432607724
4.503002001334223,0.21888219034211978
4.513008672448299,0.32116466567440805
4.523015343562375,0.12757816254584298
4.533022014676451,0.2770557522864794
4.543028685790527,0.17412567245287605
4.553035356904603,0.14836448461939888
4.563042028018679,0.2174490654057512
4.573048699132755,0.12512820271488478
4.583055370246831,0.1737878379777476
4.593062041360907,0.10986531280924404
4.603068712474983,0.42662594891544414
4.613075383589059,0.2341801243766633
4.6230820547031355,0.1611815519359232
4.6330887258172115,0.2530524273642994
4.643095396931288,0.22092196487749244
4.653102068045364,0.21055814344895318
4.66310873915944,0.29457210696231934
4.673115410273516,0.3094065415184095
4.683122081387592,0.1811059893083289
4.693128752501668,0.17707461356061677
4.703135423615744,0.2076516014656237
4.71314209472982,0.005464988262933096
4.723148765843896,0.08463833207233998
4.733155436957972,0.3733451985923513
4.743162108072048,0.40165487675373096
4.753168779186124,0.21275483500366849
4.7631754503002,0.29581446882058676
4.773182121414276,0.26978412152506753
4.783188792528352,0.5470475204719415
4.793195463642428,0.3516172643255792
4.803202134756504,0.22736834758974872
4.81320880587058,0.14510639623348662
4.8232154769846565,0.08051614182347583
4.8332221480987325,0.2620074709916593
4.843228819212809,0.16652636643221058
4.853235490326885,0.10043640355657751
4.863242161440961,0.17850481964779635
4.873248832555037,0.1355076412663137
4.883255503669113,0.412876938690714
4.893262174783189,0.33282708443410713
4.903268845897265,0.24436617816320524
4.913275517011341,0.39365818973957484
4.923282188125417,0.25390094017104
4.933288859239493,0.1605360228291584
4.943295530353569,0.3994771842446583
4.953302201467645,0.3015561144418677
4.963308872581721,0.14444082819646753
4.973315543695797,0.2296319093764666
4.983322214809873,0.1616042854020698
4.993328885923949,0.11138647119983544
5.003335557038025,0.34278453260516406
5.013342228152101,0.4416087754547538
5.0233488992661774,0.11131068758158111
5.0333555703802535,0.3079647021883252
5.0433622414943295,0.18710385516288358
5.053368912608406,0.20395590725442875
5.063375583722482,0.1939293867628895
5.073382254836558,0.1672700357747351
5.083388925950634,0.2590216090932233
5.09339559706471,0.17157476821377354
5.103402268178786,0.28221579598914937
5.113408939292862,0.25064663602274295
5.123415610406938,0.23227597583777895
5.133422281521014,0.16591474787738697
5.14342895263509,0.19949431458232572
5.153435623749166,0.33321090377999346
5.163442294863242,0.308263833518975
5.173448965977318,0.16091692383694348
5.183455637091394,0.26910601242149734
5.19346230820547,0.3348118277795347
5.203468979319546,0.09323292089664884
5.213475650433622,0.3150098018167046
5.223482321547698,0.19491174025865432
5.2334889926617745,0.31873431659313456
5.2434956637758505,0.18584886766809028
5.253502334889927,0.08218690685482308
5.263509006004003,0.1004212067455103
5.273515677118079,0.268484278830303
5.283522348232155,0.2901483679898428
5.293529019346231,0.174244788990972
5.303535690460307,0.3290360311020992
5.313542361574383,0.09952511277131051
5.323549032688459,0.2595694729732385
5.333555703802535,0.14557616678672158
5.343562374916611,0.20199451001777105
5.353569046030687,0.27241832210643097
5.363575717144763,0.18213745280560184
5.373582388258839,0.23022356950449357
5.383589059372915,0.36980873974277967
5.393595730486991,0.21199060714737725
5.403602401601067,0.3537493410759037
5.413609072715143,0.15770978080014253
5.423615743829219,0.32416122125224867
5.4336224149432955,0.41583800373631136
5.4436290860573715,0.02501703115589962
5.4536357571714476,0.19299229675215618
5.463642428285524,0.3308893782129083
5.4736490993996,0.2533779726941125
5.483655770513676,0.3112974477269558
5.493662441627752,0.21428469494772148
5.503669112741828,0.28384255079537674
5.513675783855904,0.26011621345928854
5.52368245496998,0.39296251628125034
5.533689126084056,0.3021267777706888
5.543695797198132,0.3109453557130551
5.553702468312208,0.23649780482959365
5.563709139426284,0.22942531071004904
5.57371581054036,0.23543057051848215
5.583722481654436,0.31863209009768445
5.593729152768512,0.23758895192304552
5.603735823882588,0.3091654562668776
5.613742494996664,0.4882286782635359
5.62374916611074,0.36830176703807427
5.633755837224816,0.24908772837881132
5.6437625083388925,0.4023123649574271
5.6537691794529685,0.24188445669887998
5.663775850567045,0.07938072081621025
5.673782521681121,0.18288591771651302
5.683789192795197,0.09711696771183617
5.693795863909273,0.2495467100972643
5.703802535023349,0.2870421443927234
5.713809206137425,0.4533467090215824
5.723815877251501,0.3188988987158783
5.733822548365577,0.26479991068925673
5.743829219479653,0.3701550698921554
5.753835890593729,0.06660642695972316
5.763842561707805,0.31178793860218906
5.773849232821881,0.3658208211242008
5.783855903935957,0.14138504548471376
5.793862575050033,0.4041302946109379
5.803869246164109,0.3241179608689497
5.813875917278185,0.2492555903211371
5.823882588392261,0.35458175897706823
5.833889259506337,0.5188957625784214
5.8438959306204135,0.3105404067022046
5.8539026017344895,0.3177083479450127
5.863909272848566,0.24748885086690264
5.873915943962642,0.2089863952336744
5.883922615076718,0.3775588220240358
5.893929286190794,0.20948126714188853
5.90393595730487,0.30282240604152544
5.913942628418946,0.24848988739988376
5.923949299533022,0.3447594858504137
5.933955970647098,0.33085226412828594
5.943962641761174,0.40188633673683954
5.95396931287525,0.24780224408637744
5.963975983989326,0.27251721464924916
5.973982655103402,0.202363054228908
5.983989326217478,0.25658397625691864
5.993995997331554,0.33956238755763307
6.00400266844563,0.3784022202164613
6.014009339559706,0.21141757689372154
6.024016010673782,0.39159395635505245
6.034022681787858,0.4412748267477604
6.044029352901934,0.3482218154352058
6.0540360240160105,0.4958273894433416
6.0640426951300865,0.232154712571962
6.074049366244163,0.18658617854283527
6.084056037358239,0.13484755996946812
6.094062708472315,0.46416165481029165
6.104069379586391,0.38202315983907603
6.114076050700467,0.31327370464410365
6.124082721814543,0.3493179513140624
6.134089392928619,0.21153445041968738
6.144096064042695,0.5717272862334455
6.154102735156771,0.3434858675855833
6.164109406270847,0.34529786723200695
6.174116077384923,0.41115655176092064
6.184122748498999,0.3913771519141782
6.194129419613075,0.37088812445402525
6.204136090727151,0.2752598330217531
6.214142761841227,0.4079074840425544
6.224149432955303,0.5561291117220203
6.234156104069379,0.510419465406763
6.244162775183455,0.5440093732733713
6.2541694462975315,0.34332823142181657
6.2641761174116075,0.3062835262347982
6.274182788525684,0.4045899681579396
6.28418945963976,0.4358977202596938
6.294196130753836,0.5542405674363794
6.304202801867912,0.2915247146577536
6.314209472981988,0.6312497431579214
6.324216144096064,0.4817175869745504
6.33422281521014,0.47588645773060767
6.344229486324216,0.4403910560448596
6.354236157438292,0.40125726979537024
6.364242828552368,0.6764649307562052
6.374249499666444,0.6313018437375502
6.38425617078052,0.5273713669116319
6.394262841894596,0.5619938564076259
6.404269513008672,0.6959589666366952
6.414276184122748,0.937543399410006
6.424282855236824,0.7890219265691789
6.4342895263509,0.7124106923162241
6.444296197464976,0.8894659270618724
6.454302868579052,0.9418195467895116
6.4643095396931285,0.7583530312484414
6.4743162108072045,1.08561701580651
6.484322881921281,1.1351634786748386
6.494329553035357,1.2994363771439212
6.504336224149433,1.4907518115055796
6.514342895263509,1.499156910078303
6.524349566377585,1.4449686507332453
6.534356237491661,1.4513694024872483
6.544362908605737,1.9144077465469311
6.554369579719813,1.7629882952023395
6.564376250833889,1.863438469974459
6.574382921947965,1.96961412561556
6.584389593062041,2.1068122042703585
6.594396264176117,2.1925095273824735
6.604402935290193,2.2744279003632624
6.614409606404269,2.4067771404493903
6.624416277518345,2.592561215489176
6.634422948632421,2.680425645601994
6.644429619746497,2.8067950598736817
6.654436290860573,3.036203581617064
6.6644429619746495,3.1514697034361627
6.6744496330887255,3.48242284941159
6.684456304202802,3.2253219997939917
6.694462975316878,3.7609614087990115
6.704469646430954,3.940431783310592
6.71447631754503,3.774710347053145
6.724482988659106,4.1157824426673075
6.734489659773182,4.2822176361591575
6.744496330887258,4.348735246888099
6.754503002001334,4.58212363798336
6.76450967311541,4.719017687925344
6.774516344229486,5.1746596915792376
6.784523015343562,5.260963931367893
6.794529686457638,5.460525231311625
6.804536357571714,5.568913671568501
6.81454302868579,5.54400645617364
6.824549699799866,5.760794643296197
6.834556370913942,6.0140705079753705
6.844563042028018,5.989743525835505
6.854569713142094,6.324409955325813
6.8645763842561704,6.363967899860249
6.8745830553702465,6.4785676203940294
6.8845897264843225,6.707796859660846
6.894596397598399,6.793847812224607
6.904603068712475,6.817611005365976
6.914609739826551,7.065020604089952
6.924616410940627,6.927019330331342
6.934623082054703,7.173018647632897
6.944629753168779,7.2369416008910985
6.954636424282855,7.202480755990322
6.964643095396931,7.311188155551566
6.974649766511007,7.1877259567085074
6.984656437625083,7.428464136430187
6.994663108739159,7.329648108631836
7.004669779853235,7.296740110198025
7.014676450967311,7.4435828320286825
7.024683122081387,7.246764434592162
7.034689793195463,7.1438223240634455
7.044696464309539,7.0855858290288225
7.054703135423615,7.247749834378989
7.064709806537691,6.994584566201468
7.0747164776517675,7.223470489198622
7.0847231487658435,6.755398110131042
7.09472981987992,7.039467007637374
7.104736490993996,6.788217090297659
7.114743162108072,6.6462710390759865
7.124749833222148,6.482312379700256
7.134756504336224,6.450145432807654
7.1447631754503,6.273016998035925
7.154769846564376,6.247356762048139
7.164776517678452,6.002985964659789
7.174783188792528,5.856026154107952
7.184789859906604,5.649577744367699
7.19479653102068,5.521315979539572
7.204803202134756,5.395609560725634
7.214809873248832,5.028993717244726
7.224816544362908,4.898343210091872
7.234823215476984,4.939206118451311
7.24482988659106,4.712833379260307
7.254836557705136,4.507929734624413
7.264843228819212,4.359011375875268
7.2748498999332885,4.2235463433057205
7.2848565710473645,3.96770895029113
7.2948632421614406,3.7784966720732562
7.304869913275517,3.7127392111221877
7.314876584389593,3.434739573644007
7.324883255503669,3.41579657580537
7.334889926617745,3.05042485091174
7.344896597731821,3.1729403155210725
7.354903268845897,2.970534575918566
7.364909939959973,2.806282080721833
7.374916611074049,2.7407194001322233
7.384923282188125,2.6753161307986386
7.394929953302201,2.4812198510483694
7.404936624416277,2.071523191270692
7.414943295530353,2.0083825205692563
7.424949966644429,1.9595496888771344
7.434956637758505,1.9153267010533503
7.444963308872581,1.860171904750955
7.454969979986657,1.6365063051795667
7.464976651100733,1.6333802379575928
7.474983322214809,1.44967800690784
7.4849899933288855,1.379390349105899
7.4949966644429615,1.2199215309629106
7.505003335557038,1.1929212703782013
7.515010006671114,1.079223247516781
7.52501667778519,1.0503090739856018
7.535023348899266,1.1909806715697338
7.545030020013342,0.9324619637279017
7.555036691127418,1.2363341662498881
7.565043362241494,0.9718691822297988
7.57505003335557,0.8940448431484107
7.585056704469646,0.7461645905009864
7.595063375583722,0.8617177110103698
7.605070046697798,0.696888568265977
7.615076717811874,0.7323314419455916
7.62508338892595,0.9445647786865639
7.635090060040026,0.6499621041225131
7.645096731154102,0.7479348424035794
7.655103402268178,0.5384028816223232
7.665110073382254,0.5830589782880157
7.67511674449633,0.7434553506016439
7.685123415610407,0.4853375991084393
7.695130086724483,0.7126469508557259
7.7051367578385594,0.5871270837155267
7.7151434289526355,0.4465164026766612
7.7251501000667115,0.5537620644166796
7.735156771180788,0.5767738484268635
7.745163442294864,0.5318335278589627
7.75517011340894,0.3038054740218371
7.765176784523016,0.38024124842595647
7.775183455637092,0.4211979526728704
7.785190126751168,0.43229111207726406
7.795196797865244,0.4963035892128795
7.80520346897932,0.4471585119557811
7.815210140093396,0.29159403501505166
7.825216811207472,0.45941911721714673
7.835223482321548,0.4792069555203421
7.845230153435624,0.47130640618122077
7.8552368245497,0.5209701951994742
7.865243495663776,0.494194582947358
7.875250166777852,0.4549394109684472
7.885256837891928,0.40049932553493905
7.895263509006004,0.2401595450340377
7.90527018012008,0.4481751327644964
7.9152768512341565,0.4251330370705782
7.9252835223482325,0.43084420895804865
7.935290193462309,0.27548469701683703
7.945296864576385,0.29466044354207316
7.955303535690461,0.507805268891331
7.965310206804537,0.39836144585971633
7.975316877918613,0.47038441053017366
7.985323549032689,0.40506268426433006
7.995330220146765,0.40527209497203337
8.005336891260841,0.49625077817235086
8.015343562374916,0.3509963122339882
8.025350233488993,0.4124368380797028
8.035356904603068,0.3568607419066873
8.045363575717145,0.35993638165920083
8.05537024683122,0.3727960967625075
8.065376917945297,0.4262794958486027
8.075383589059372,0.35656602399411697
8.08539026017345,0.5304101362111984
8.095396931287524,0.3157836180470116
8.105403602401601,0.3869808691507631
8.115410273515677,0.3621304603302795
8.125416944629754,0.5512469954088116
8.135423615743829,0.42665893445919556
8.145430286857906,0.5106494796791439
8.15543695797198,0.25937676871318227
8.165443629086058,0.43511087480784644
8.175450300200133,0.49784641968987636
8.18545697131421,0.4175929871603429
8.195463642428285,0.5163970390239688
8.205470313542362,0.3586072322433705
8.215476984656437,0.5517601326380555
8.225483655770514,0.6412063862821589
8.23549032688459,0.3755254711782731
8.245496997998666,0.3677531381000202
8.255503669112741,0.5581369930326332
8.265510340226818,0.5712518239650743
8.275517011340893,0.361505426036704
8.28552368245497,0.3722701928867634
8.295530353569045,0.386608378296866
8.305537024683122,0.28084018144992784
8.315543695797198,0.3239187850866386
8.325550366911274,0.31586894168362867
8.33555703802535,0.34000254012426706
8.345563709139427,0.4138132828967694
8.355570380253502,0.44120288109830486
8.365577051367579,0.5733312252117091
8.375583722481654,0.3189456476378336
8.38559039359573,0.5177132551384112
8.395597064709806,0.3983821659002569
8.405603735823883,0.41533477244102457
8.415610406937958,0.48826323278895195
8.425617078052035,0.3090092597030098
8.43562374916611,0.4600226455768449
8.445630420280187,0.4389271257412224
8.455637091394262,0.4720272853092357
8.46564376250834,0.4521992933923431
8.475650433622414,0.6693127260141938
8.485657104736491,0.3605090069804522
8.495663775850566,0.37168361157710716
8.505670446964643,0.36296956272701186
8.515677118078719,0.37023621702438564
8.525683789192795,0.3625455339824315
8.53569046030687,0.5456862209353431
8.545697131420948,0.5693353163837187
8.555703802535023,0.37071058806749774
8.5657104736491,0.3450499876480749
8.575717144763175,0.47592742942206195
8.585723815877252,0.37406389921155153
8.595730486991327,0.49307971608265383
8.605737158105404,0.4505791676967251
8.615743829219479,0.27921278591577325
8.625750500333556,0.5860380497432585
8.635757171447631,0.6113756294199415
8.645763842561708,0.37100932580028634
8.655770513675783,0.39401837177894544
8.66577718478986,0.46187539991304516
8.675783855903935,0.4672348730191723
8.685790527018012,0.5001439545543692
8.695797198132087,0.6358103144973988
8.705803869246164,0.4175954712568202
8.71581054036024,0.3559608029777606
8.725817211474316,0.2983589380862562
8.735823882588392,0.36369819037322393
8.745830553702469,0.43397883057784814
8.755837224816544,0.6172476477286823
8.76584389593062,0.38653106499556067
8.775850567044696,0.4611713235934305
8.785857238158773,0.4376505723587912
8.795863909272848,0.5586325228520882
8.805870580386925,0.6929867716394152
8.815877251501,0.3877069853074929
8.825883922615077,0.3923502518972173
8.835890593729152,0.5462106174070044
8.845897264843229,0.5104840122149504
8.855903935957304,0.6274659293790212
8.865910607071381,0.501688348891772
8.875917278185456,0.4078666548347223
8.885923949299533,0.5033616805372825
8.895930620413608,0.5556668890812428
8.905937291527685,0.5273450826977962
8.91594396264176,0.49652460124405173
8.925950633755837,0.5529650006476146
8.935957304869913,0.5637274242887289
8.94596397598399,0.5855140979034403
8.955970647098065,0.5126695211142247
8.965977318212142,0.43158705787918256
8.975983989326217,0.46347056810983345
8.985990660440294,0.5699504296729889
8.995997331554369,0.3681062994790956
9.006004002668446,0.4871675310207855
9.016010673782521,0.41146665245644304
9.026017344896598,0.45417534953835004
9.036024016010673,0.5796463870612912
9.04603068712475,0.47141144115824785
9.056037358238825,0.45744552272757055
9.066044029352902,0.3173165873696635
9.076050700466977,0.5284278916260784
9.086057371581054,0.5188512866931656
9.09606404269513,0.6711286744653063
9.106070713809206,0.424525712195163
9.116077384923281,0.47771890201255995
9.126084056037358,0.4812425711729449
9.136090727151434,0.6145498643339201
9.14609739826551,0.4477753166745811
9.156104069379586,0.4857073560460137
9.166110740493663,0.5190951879963374
9.176117411607738,0.477466782896023
9.186124082721815,0.4146628426810381
9.19613075383589,0.4792155369816254
9.206137424949967,0.5676700462334757
9.216144096064042,0.3581556748620962
9.226150767178119,0.4746045057735937
9.236157438292194,0.39179579042069246
9.246164109406271,0.581812868362798
9.256170780520346,0.31048984854764006
9.266177451634423,0.4074166878545626
9.276184122748498,0.5015303936438775
9.286190793862575,0.6208619426165635
9.29619746497665,0.45823484714153484
9.306204136090727,0.40979025413521813
9.316210807204802,0.6539262473043016
9.32621747831888,0.3215094838743233
9.336224149432955,0.24693061180964512
9.346230820547031,0.5113129860326934
9.356237491661107,0.4176064521478071
9.366244162775184,0.3661889264257073
9.376250833889259,0.5396481864244275
9.386257505003336,0.49369294662733043
9.39626417611741,0.4134053457322632
9.406270847231488,0.34228310249458255
9.416277518345563,0.5580596087454379
9.42628418945964,0.5363343272690637
9.436290860573715,0.46189695665106667
9.446297531687792,0.6569785761896276
9.456304202801867,0.36580673350817255
9.466310873915944,0.32076302660434375
9.47631754503002,0.4046250702648723
9.486324216144096,0.4697576091738422
9.496330887258171,0.4991504892983678
9.506337558372248,0.45119327213762045
9.516344229486323,0.5110227511324811
9.5263509006004,0.35116360262072555
9.536357571714476,0.6211943390071285
9.546364242828552,0.46910309432244945
9.556370913942628,0.58954812888508
9.566377585056705,0.5125914139323626
9.57638425617078,0.524494534783613
9.586390927284857,0.5362962744725905
9.596397598398932,0.5245907360427682
9.606404269513009,0.5445924896342197
9.616410940627084,0.6137358002877762
9.62641761174116,0.5009729979005286
9.636424282855236,0.5527215903851107
9.646430953969313,0.4733479789489433
9.656437625083388,0.6268336037508477
9.666444296197465,0.41568298593422714
9.67645096731154,0.6639165935114084
9.686457638425617,0.4803070894363737
9.696464309539692,0.3417457088437349
9.70647098065377,0.4981339954758527
9.716477651767844,0.4177187236765782
9.726484322881921,0.570388580455087
9.736490993995996,0.42156216469681357
9.746497665110073,0.4427065576448149
9.756504336224149,0.2988711679203899
9.766511007338226,0.44309495143636296
9.7765176784523,0.24643799612494086
9.786524349566378,0.3309359959842532
9.796531020680453,0.565868098984211
9.80653769179453,0.5689070115760425
9.816544362908605,0.5333731239193907
9.826551034022682,0.3946301382755741
9.836557705136757,0.48705701873391577
9.846564376250834,0.4919683244536035
9.856571047364909,0.3769925626658295
9.866577718478986,0.6436693532152057
9.876584389593061,0.581566293457589
9.886591060707138,0.4722342533565244
9.896597731821213,0.49751994535035066
9.90660440293529,0.5161704422182815
9.916611074049365,0.29165961566719145
9.926617745163442,0.471616487105885
9.936624416277517,0.4286371568973868
9.946631087391594,0.3971752361808415
9.95663775850567,0.46972924555352147
9.966644429619747,0.6781104522094221
9.976651100733822,0.562929229220931
9.986657771847899,0.4422309720303924
9.996664442961974,0.5571120683980116
10.00667111407605,0.6402955027305159
10.016677785190126,0.5933310669146115
10.026684456304203,0.5073404442660996
10.036691127418278,0.43719589989178803
10.046697798532355,0.5722271486092851
10.05670446964643,0.5422724114283148
10.066711140760507,0.5929669821249762
10.076717811874582,0.567494478155552
10.086724482988659,0.6094694217114401
10.096731154102734,0.45153635246395646
10.106737825216811,0.6373558820568443
10.116744496330886,0.5259463404666425
10.126751167444963,0.7142985934168635
10.136757838559038,0.4384595763517705
10.146764509673115,0.6816045101915645
10.15677118078719,0.528457903509013
10.166777851901267,0.4442185955656613
10.176784523015343,0.4617073163438945
10.18679119412942,0.4788469483176377
10.196797865243495,0.5541441590688186
10.206804536357572,0.5649286512181158
10.216811207471647,0.45627781231666126
10.226817878585724,0.5123160146092879
10.236824549699799,0.730201476669943
10.246831220813876,0.6900923128799995
10.256837891927953,0.562499100595468
10.266844563042028,0.524389329385391
10.276851234156105,0.5345403890264586
10.28685790527018,0.5861005530387772
10.296864576384257,0.42498662887882527
10.306871247498332,0.5043991646719475
10.316877918612409,0.36655767825304675
10.326884589726484,0.577087504500013
10.336891260840561,0.606172849873011
10.346897931954636,0.4980390139633808
10.356904603068713,0.709363391484474
10.366911274182788,0.4357937494494614
10.376917945296865,0.4192430989810735
10.38692461641094,0.5964576848982955
10.396931287525017,0.688204295726051
10.406937958639093,0.7626595938664622
10.41694462975317,0.5605939002946316
10.426951300867245,0.7281745475026121
10.436957971981322,0.6320668676232135
10.446964643095397,0.6362449081910172
10.456971314209474,0.7616468112037155
10.466977985323549,0.7606868997814646
10.476984656437626,0.5626194901695343
10.486991327551701,0.8955884600822007
10.496997998665778,0.9167429367377568
10.507004669779853,0.750362092445926
10.51701134089393,0.8903379854877658
10.527018012008005,0.9419303381394373
10.537024683122082,0.9645745689988374
10.547031354236157,0.9339481063199686
10.557038025350234,0.977059460221401
10.56704469646431,1.1019572094668428
10.577051367578386,1.2873921628263507
10.587058038692462,1.2956584829395408
10.597064709806538,1.2812300972902209
10.607071380920614,1.4784899292154194
10.61707805203469,1.2057272655814941
10.627084723148766,1.7011212563964533
10.637091394262843,1.5144734776042708
10.647098065376918,1.7610351059377303
10.657104736490995,1.800835047107061
10.66711140760507,1.9055521072797266
10.677118078719147,2.2799716162367742
10.687124749833222,2.252537142389735
10.697131420947299,2.475765166858528
10.707138092061374,2.5843960854671484
10.717144763175451,2.790642494653228
10.727151434289526,2.9099911543188894
10.737158105403603,2.938474933776112
10.747164776517678,3.3354654329069007
10.757171447631755,3.359562571132708
10.76717811874583,3.429781811045503
10.777184789859907,3.721834060081504
10.787191460973983,4.095869703286618
10.79719813208806,4.2130867988273355
10.807204803202135,4.275719796725458
10.817211474316212,4.457508505549386
10.827218145430287,4.640488007386504
10.837224816544364,5.057918199733719
10.847231487658439,5.062386439622856
10.857238158772516,5.23647274307113
10.867244829886591,5.4600629570584855
10.877251501000668,5.53774002001756
10.887258172114743,5.637030583420841
10.89726484322882,5.783634913344287
10.907271514342895,5.926758765814488
10.917278185456972,6.05026096731049
10.927284856571047,6.235386389749485
10.937291527685124,6.264263874946164
10.9472981987992,6.41589256320673
10.957304869913276,6.4046238575303605
10.967311541027351,6.476621773571468
10.977318212141428,6.310584879425094
10.987324883255503,6.628961708692382
10.99733155436958,6.583981403918404
11.007338225483656,6.646130564730787
11.017344896597733,6.238720671644537
11.027351567711808,6.704358457214744
11.037358238825885,6.434143845957189
11.04736490993996,6.497266244146358
11.057371581054037,6.207025094352263
11.067378252168112,6.283639914555026
11.077384923282189,6.015793969356034
11.087391594396264,5.945687541790054
11.097398265510341,6.075356124999191
11.107404936624416,5.730601194167277
11.117411607738493,5.627879785203377
11.127418278852568,5.541327670733475
11.137424949966645,5.3447907842213915
11.14743162108072,5.14490584356591
11.157438292194797,4.995775052610704
11.167444963308872,5.024844194811255
11.17745163442295,4.600799039270934
11.187458305537024,4.446570805515447
11.197464976651101,4.350247250229969
11.207471647765177,4.174219274086371
11.217478318879254,4.001517876068711
11.227484989993329,3.7673483545832562
11.237491661107406,3.4121407089022364
11.24749833222148,3.515788009711282
11.257505003335558,3.067519831040371
11.267511674449633,3.0464343240068184
11.27751834556371,2.7795987739010637
11.287525016677785,2.692770023667272
11.297531687791862,2.5819128312777875
11.307538358905937,2.4370450999310913
11.317545030020014,2.3092523298108487
11.32755170113409,2.297053965544548
11.337558372248166,2.0562627493502204
11.347565043362241,1.8683982774543977
11.357571714476318,1.8778256323131517
11.367578385590393,1.7956357101863036
11.37758505670447,1.4557935059075622
11.387591727818545,1.5466382416285107
11.397598398932622,1.4716862689661216
11.407605070046698,1.292627482817573
11.417611741160774,1.3867041287311275
11.42761841227485,1.1665809418927156
11.437625083388927,1.1320516229622235
11.447631754503002,1.0452861367188497
11.457638425617079,1.0121702019398766
11.467645096731154,0.8536450946869706
11.47765176784523,0.7762880412282384
11.487658438959306,1.040843432648661
11.497665110073383,0.76159769964428
11.507671781187458,0.7155835512225588
11.517678452301535,0.5710747718231267
11.52768512341561,0.6972133856642376
11.537691794529687,0.6062539695535388
11.547698465643762,0.8827394708992751
11.55770513675784,0.8017922841896762
11.567711807871914,0.6163543354393475
11.577718478985991,0.8966593952915725
11.587725150100066,0.7575410061977865
11.597731821214143,0.6163597631524648
11.607738492328219,0.38975106790316344
11.617745163442295,0.8608580171559752
11.62775183455637,0.48596730258463355
11.637758505670448,0.4545111327598963
11.647765176784523,0.7162883412758123
11.6577718478986,0.8537393897013459
11.667778519012675,0.7445855016574744
11.677785190126752,0.6595223602548177
11.687791861240827,0.660085824375534
11.697798532354904,0.6838711169341105
11.707805203468979,0.6727236475399884
11.717811874583056,0.6235817264319119
11.727818545697131,0.6047996479046587
11.737825216811208,0.5872824286106172
11.747831887925283,0.5175177870229075
11.75783855903936,0.5643990406987526
11.767845230153435,0.4228764365348714
11.777851901267512,0.5821739932628581
11.787858572381587,0.4930950812393539
11.797865243495664,0.48163478321232833
11.80787191460974,0.6101012531976647
11.817878585723816,0.7314962248197964
11.827885256837892,0.6843671342330439
11.837891927951969,0.4357711008835685
11.847898599066044,0.49418252625569425
11.85790527018012,0.6875786077791164
11.867911941294196,0.49563537798846236
11.877918612408273,0.5718253001951102
11.887925283522348,0.6497163343953865
11.897931954636425,0.4983139807405639
11.9079386257505,0.6061353933538769
11.917945296864577,0.46265460392619856
11.927951967978652,0.5363877578283751
11.937958639092729,0.6289766290448062
11.947965310206804,0.43817827633978357
11.957971981320881,0.6420086188556305
11.967978652434956,0.596484308997504
11.977985323549033,0.6541867981720695
11.987991994663108,0.6218211489184314
11.997998665777185,0.7363374839391623
12.00800533689126,0.612941008897273
12.018012008005337,0.5579742442990523
12.028018679119413,0.6136416776213749
12.03802535023349,0.6562395617676927
12.048032021347565,0.6072941512279887
12.058038692461642,0.6069661339630692
12.068045363575717,0.5332069580130581
12.078052034689794,0.537615463909789
12.088058705803869,0.46414466559949885
12.098065376917946,0.7798626663129028
12.108072048032021,0.48101859360029353
12.118078719146098,0.5366144201818669
12.128085390260173,0.5345643119177707
12.13809206137425,0.6963976333408749
12.148098732488325,0.5779104305224609
12.158105403602402,0.7326798438132571
12.168112074716477,0.5410568401894147
12.178118745830554,0.6368056070819966
12.18812541694463,0.5258717917851378
12.198132088058706,0.8244217311926317
12.208138759172781,0.4916473109047631
12.218145430286858,0.6418895701641487
12.228152101400934,0.6747855450577458
12.23815877251501,0.6532881361825892
12.248165443629086,0.5938798423961074
12.258172114743163,0.5999269337969902
12.268178785857238,0.617790561908683
12.278185456971315,0.5992096433315868
12.28819212808539,0.7107982048149839
12.298198799199467,0.8359630675034405
12.308205470313542,0.559662092120021
12.318212141427619,0.4789315104133238
12.328218812541694,0.6075841822150561
12.338225483655771,0.87488394809599
12.348232154769846,0.5370462425077666
12.358238825883923,0.7818261332653499
12.368245496997998,0.7861853686671659
12.378252168112075,0.5635573936839169
12.38825883922615,0.6763155699867559
12.398265510340227,0.7827581028347855
12.408272181454302,0.5825070032992954
12.41827885256838,0.6005632650059843
12.428285523682455,0.5632549531034005
12.438292194796531,0.5204493734632427
12.448298865910607,0.5574995977449844
12.458305537024684,0.5005359875621751
12.468312208138759,0.6268414405040346
12.478318879252836,0.5469393385685951
12.48832555036691,0.647819391931254
12.498332221480988,0.46935604194867553
12.508338892595063,0.6585392130852639
12.51834556370914,0.7093105748303052
12.528352234823215,0.4270916565661407
12.538358905937292,0.6643796437956433
12.548365577051367,0.7502510722285273
12.558372248165444,0.5070319033083873
12.56837891927952,0.795766981514338
12.578385590393596,0.6709275845023959
12.588392261507671,0.559042982804954
12.598398932621748,0.6244886796888041
12.608405603735823,0.6864230779070323
12.6184122748499,0.638719613956918
12.628418945963976,0.6855278311075471
12.638425617078052,0.5401231585636884
12.648432288192128,0.64967076554868
12.658438959306205,0.4919141297211432
12.66844563042028,0.6227215661076047
12.678452301534357,0.5440207906525113
12.688458972648432,0.5614359687671137
12.698465643762509,0.7591871099343818
12.708472314876584,0.7453106285121475
12.71847898599066,0.6977100190184811
12.728485657104736,0.5281982797073
12.738492328218813,0.6064410564911664
12.748498999332888,0.7600655216304237
12.758505670446965,0.6536256075504752
12.76851234156104,0.8721124909194802
12.778519012675117,0.6802679062719368
12.788525683789192,0.6609324965590703
12.79853235490327,0.6116466350803408
12.808539026017344,0.6567871473709738
12.818545697131421,0.6291103071436651
12.828552368245496,0.7161478159310402
12.838559039359573,0.7420488656709415
12.848565710473649,0.5688907041035277
12.858572381587726,0.5155547629911192
12.8685790527018,0.46633220817210863
12.878585723815878,0.7021226264919284
12.888592394929953,0.5424643944235726
12.89859906604403,0.4391081695171586
12.908605737158105,0.6949828056170784
12.918612408272182,0.9072983030664736
12.928619079386257,0.6594258113793356
12.938625750500334,0.7460945343213103
12.948632421614409,0.672837309774295
12.958639092728486,0.6573906516581943
12.968645763842561,0.7620505070105491
12.978652434956638,0.6442401353295141
12.988659106070713,0.7034184613129748
12.99866577718479,0.7125750221942022
13.008672448298865,0.6176661993393349
13.018679119412942,0.7881253677278709
13.028685790527017,0.6762812133917195
13.038692461641094,0.6235056864457923
13.04869913275517,0.7585205659072742
13.058705803869247,0.6213406691194954
13.068712474983322,0.7208969568099646
13.078719146097399,0.724679729433046
13.088725817211474,0.8423663573312611
13.09873248832555,0.7901582831107677
13.108739159439626,0.7498812314333361
13.118745830553703,0.8447004440710109
13.128752501667778,0.9133928373717244
13.138759172781855,0.8425771241931173
13.14876584389593,0.8013019029655905
13.158772515010007,0.683674343779891
13.168779186124082,0.7241363943079497
13.178785857238159,0.81719466466834
13.188792528352234,0.8051993634962709
13.198799199466311,0.8673387808531899
13.208805870580386,0.9131291318609425
13.218812541694463,0.983498661151337
13.228819212808538,0.9482788339409807
13.238825883922615,1.030612105449407
13.24883255503669,1.0169788860630773
13.258839226150767,0.8435952351379394
13.268845897264843,0.9799664272962065
13.27885256837892,1.0945052918981015
13.288859239492995,1.0253243744323073
13.298865910607072,1.24614289861238
13.308872581721147,1.3816688229903484
13.318879252835224,1.3956123714450699
13.328885923949299,1.3003437953586097
13.338892595063376,1.5216317319557284
13.348899266177451,1.4413241154226621
13.358905937291528,1.4497800787473667
13.368912608405603,1.4824157152152402
13.37891927951968,1.5771116786486434
13.388925950633755,1.6355740468959281
13.398932621747832,1.7619868511621652
13.408939292861907,1.8351607238853826
13.418945963975984,1.8972481811491138
13.42895263509006,2.022229937775333
13.438959306204136,2.183007459900581
13.448965977318212,2.2481719293503226
13.458972648432288,2.0979102641644243
13.468979319546364,2.088133504238045
13.47898599066044,2.5380457670418193
13.488992661774516,2.412984892002188
13.498999332888593,2.6362211158480817
13.509006004002668,2.6546583372389705
13.519012675116745,2.708357233668184
13.52901934623082,3.063452112999157
13.539026017344897,3.2097721966524366
13.549032688458972,3.2044756227044826
13.559039359573049,3.134913426791997
13.569046030687124,3.474789654330886
13.579052701801201,3.7073630421706683
13.589059372915276,3.6622807108857667
13.599066044029353,3.9735481024812147
13.609072715143428,4.101584375097641
13.619079386257505,4.311604422267353
13.62908605737158,4.4186253192906335
13.639092728485657,4.464541932215064
13.649099399599733,4.838616824187031
13.65910607071381,4.861869420494517
13.669112741827885,5.03511238163197
13.679119412941962,5.105684175682259
13.689126084056037,5.316573308428429
13.699132755170114,5.434694734334058
13.709139426284189,5.668184029867179
13.719146097398266,6.018618420871155
13.729152768512341,5.871515997491797
13.739159439626418,6.007512901104791
13.749166110740493,6.474660117822046
13.75917278185457,6.463396071200105
13.769179452968645,6.5719131078051145
13.779186124082722,6.894601434309303
13.789192795196797,6.878729214134798
13.799199466310874,7.2670516695296685
13.80920613742495,7.2934764323083305
13.819212808539026,7.313796218914808
13.829219479653101,7.710495175323464
13.839226150767178,7.561254316925593
13.849232821881253,7.817602015055483
13.85923949299533,7.8890260252740205
13.869246164109406,8.098758720895919
13.879252835223483,8.227668301464584
13.889259506337558,8.170773247248889
13.899266177451635,8.181106798755097
13.90927284856571,8.38385904376387
13.919279519679787,8.34378026350213
13.929286190793862,8.678619709852747
13.939292861907939,8.548489935689618
13.949299533022014,8.547498608366586
13.959306204136091,8.643171524527094
13.969312875250166,8.52200898870829
13.979319546364243,8.582819085549586
13.989326217478318,8.814445764536014
13.999332888592395,8.634257437106703
14.00933955970647,8.591900046655685
14.019346230820547,8.738015351369116
14.029352901934622,8.781836546057606
14.0393595730487,8.705306484948414
14.049366244162774,8.69449073519795
14.059372915276851,8.472140297774946
14.069379586390927,8.350188549256627
14.079386257505003,8.57885254321444
14.089392928619079,8.324810128342767
14.099399599733156,8.252597431091958
14.10940627084723,8.323604195183645
14.119412941961308,8.152293042062318
14.129419613075383,8.041225625875354
14.13942628418946,8.10450473841749
14.149432955303535,7.709757778401747
14.159439626417612,7.747088300733801
14.169446297531687,7.534655773745219
14.179452968645764,7.425297151173968
14.18945963975984,7.415989342219393
14.199466310873916,7.174247714612389
14.209472981987991,7.033634613996522
14.219479653102068,6.939822312947188
14.229486324216143,6.645677493426506
14.23949299533022,6.445097084574068
14.249499666444295,6.269034761521927
14.259506337558372,6.019435246352499
14.269513008672448,6.262704993190159
14.279519679786524,5.786629205330266
14.2895263509006,5.713929200343928
14.299533022014677,5.547093565123884
14.309539693128752,5.44421808136861
14.319546364242829,5.334090266967956
14.329553035356904,5.178280988710851
14.33955970647098,4.874648159537764
14.349566377585056,4.758283312818688
14.359573048699133,4.64690665108452
14.369579719813208,4.4393260097761775
14.379586390927285,4.472631994839412
14.38959306204136,4.211098037034594
14.399599733155437,4.08821919494549
14.409606404269512,3.9365869698357776
14.41961307538359,3.846240664632191
14.429619746497664,3.6087889895632688
14.439626417611741,3.326150153037028
14.449633088725816,3.364437361714515
14.459639759839893,3.1315747145299184
14.469646430953969,3.0197976229030634
14.479653102068045,3.0110350040761795
14.48965977318212,2.9598234587704204
14.499666444296198,2.72562691313631
14.509673115410273,2.645831151817289
14.51967978652435,2.6805816583566964
14.529686457638425,2.4338187432826452
14.539693128752502,2.5732594281667183
14.549699799866577,2.276935215198625
14.559706470980654,1.955515895611087
14.569713142094729,2.1220075357894315
14.579719813208806,2.0036921672864625
14.589726484322881,2.017215593256211
14.599733155436958,1.8819143964448815
14.609739826551033,1.730721944285809
14.61974649766511,1.5556409965453826
14.629753168779185,1.5941144966185246
14.639759839893262,1.4702590779883833
14.649766511007337,1.4408025496294958
14.659773182121414,1.5044034689192753
14.66977985323549,1.5622682835195645
14.679786524349566,1.3874108469330984
14.689793195463642,1.1838453953878956
14.699799866577719,1.3060975099511214
14.709806537691794,1.3421063054290119
14.71981320880587,1.1247619578332466
14.729819879919946,1.1380160523161174
14.739826551034023,1.12083467470568
14.749833222148098,1.010986097851988
14.759839893262175,1.1264691049083675
14.76984656437625,1.02366148218124
14.779853235490327,1.0536721875929087
14.789859906604402,0.9006796058469291
14.799866577718479,0.9250426672295828
14.809873248832554,1.0219415805872587
14.819879919946631,0.8947989087146262
14.829886591060706,1.0885329800377188
14.839893262174783,0.8609179999531976
14.849899933288858,0.9096042002511173
14.859906604402935,0.9677798582932248
14.86991327551701,0.7211254851375568
14.879919946631087,0.676307443623512
14.889926617745163,0.6901661254583291
14.89993328885924,0.9601863521794798
14.909939959973315,0.7707300104915931
14.919946631087392,1.0744575795350566
14.929953302201467,0.7556141314564173
14.939959973315544,0.8245232942656565
14.949966644429619,0.9548881376610515
14.959973315543696,0.9964297473447745
14.969979986657771,0.9976059566481628
14.979986657771848,0.9083794202010076
14.989993328885923,0.8864511739936604
15.0,0.8401800560359007
